timeStamp,elapsed,label,responseCode,responseMessage,threadName,success,failureMessage,bytes,grpThreads,allThreads,Latency,IdleTime,Connect
1590012546122,434,People endpoint,200,OK,Scenario 1 1-1,true,,976,3,3,434,0,316
1590012546327,412,People endpoint,200,OK,Scenario 1 1-2,true,,920,3,3,412,0,304
1590012546527,436,People endpoint,200,OK,Scenario 1 1-3,true,,922,3,3,436,0,322
1590012546727,425,People endpoint,200,OK,Scenario 1 1-4,true,,870,2,2,425,0,315
1590012546927,418,People endpoint,200,OK,Scenario 1 1-5,false,"Value expected to match regexp 'Leia Organaa', but it did not match: 'Leia Organa'",868,1,1,418,0,306
1590014187460,614,People endpoint,200,OK,Scenario 1 1-2,true,,920,5,5,614,0,473
1590014187660,423,People endpoint,200,OK,Scenario 1 1-3,true,,922,5,5,423,0,305
1590014187319,754,People endpoint,200,OK,Scenario 1 1-1,true,,976,5,5,753,0,609
1590014187861,407,People endpoint,200,OK,Scenario 1 1-4,true,,870,2,2,407,0,301
1590014188061,394,People endpoint,200,OK,Scenario 1 1-5,true,,868,1,1,394,0,288
1590014224472,672,People endpoint,200,OK,Scenario 1 1-1,true,,976,4,4,671,0,527
1590014224604,540,People endpoint,200,OK,Scenario 1 1-2,true,,920,4,4,539,0,395
1590014224804,461,People endpoint,200,OK,Scenario 1 1-3,true,,922,3,3,460,0,304
1590014225004,404,People endpoint,200,OK,Scenario 1 1-4,false,"Value expected to match regexp 'Darth Vaderr', but it did not match: 'Darth Vader'",870,2,2,404,0,294
1590014225205,411,People endpoint,200,OK,Scenario 1 1-5,true,,868,1,1,411,0,303
1590016293647,761,People endpoint,200,OK,Scenario 1 1-2,true,,920,5,5,761,0,622
1590016293509,900,People endpoint,200,OK,Scenario 1 1-1,true,,976,5,5,900,0,757
1590016293846,562,People endpoint,200,OK,Scenario 1 1-3,true,,922,5,5,562,0,445
1590016294046,567,People endpoint,200,OK,Scenario 1 1-4,true,,870,2,2,567,0,455
1590016294247,561,People endpoint,200,OK,Scenario 1 1-5,true,,868,1,1,561,0,448
1590016442161,670,People endpoint,200,OK,Scenario 1 1-2,true,,920,5,5,670,0,518
1590016442001,830,People endpoint,200,OK,Scenario 1 1-1,true,,976,5,5,830,0,678
1590016442361,559,People endpoint,200,OK,Scenario 1 1-3,true,,922,3,3,559,0,448
1590016442559,550,People endpoint,200,OK,Scenario 1 1-4,true,,870,2,2,550,0,438
1590016442760,568,People endpoint,200,OK,Scenario 1 1-5,true,,868,1,1,568,0,457
1590016629926,920,People endpoint,200,OK,Scenario 1 1-1,true,,976,5,5,919,0,730
1590016630286,560,People endpoint,200,OK,Scenario 1 1-3,true,,922,5,5,559,0,437
1590016630084,762,People endpoint,200,OK,Scenario 1 1-2,true,,920,5,5,761,0,572
1590016630480,552,People endpoint,200,OK,Scenario 1 1-4,true,,870,2,2,552,0,441
1590016630682,529,People endpoint,200,OK,Scenario 1 1-5,true,,868,1,1,529,0,424
1590016902576,677,People endpoint,200,OK,Scenario 1 1-2,true,,920,5,5,677,0,528
1590016902422,832,People endpoint,200,OK,Scenario 1 1-1,true,,976,5,5,832,0,683
1590016902777,558,People endpoint,200,OK,Scenario 1 1-3,true,,922,3,3,558,0,446
1590016902976,559,People endpoint,200,OK,Scenario 1 1-4,true,,870,2,2,559,0,447
1590016903176,557,People endpoint,200,OK,Scenario 1 1-5,true,,868,1,1,557,0,446
1590016955516,757,People endpoint,200,OK,Scenario 1 1-2,true,,920,5,5,756,0,588
1590016955715,558,People endpoint,200,OK,Scenario 1 1-3,true,,922,5,5,558,0,427
1590016955381,892,People endpoint,200,OK,Scenario 1 1-1,true,,976,5,5,891,0,723
1590016955916,561,People endpoint,200,OK,Scenario 1 1-4,true,,870,2,2,561,0,449
1590016956117,545,People endpoint,200,OK,Scenario 1 1-5,true,,868,1,1,545,0,438
1590017587554,838,People endpoint,200,OK,Scenario 1 1-1,true,,976,5,5,837,0,687
1590017587703,689,People endpoint,200,OK,Scenario 1 1-2,true,,920,5,5,688,0,538
1590017587906,530,People endpoint,200,OK,Scenario 1 1-3,true,,922,3,3,530,0,423
1590017588103,557,People endpoint,200,OK,Scenario 1 1-4,false,"Value expected to match regexp 'Darth Vaderr', but it did not match: 'Darth Vader'",870,2,2,557,0,447
1590017588306,536,People endpoint,200,OK,Scenario 1 1-5,true,,868,1,1,536,0,429
1590017643330,660,People endpoint,200,OK,Scenario 1 1-2,true,,920,5,5,659,0,504
1590017643171,819,People endpoint,200,OK,Scenario 1 1-1,true,,976,5,5,818,0,663
1590017643530,540,People endpoint,200,OK,Scenario 1 1-3,true,,922,3,3,540,0,433
1590017643729,570,People endpoint,200,OK,Scenario 1 1-4,true,,870,2,2,570,0,456
1590017643930,540,People endpoint,200,OK,Scenario 1 1-5,true,,868,1,1,540,0,434
1590017659475,680,People endpoint,200,OK,Scenario 1 1-2,true,,920,5,5,679,0,508
1590017659320,835,People endpoint,200,OK,Scenario 1 1-1,true,,976,5,5,834,0,663
1590017659676,577,People endpoint,200,OK,Scenario 1 1-3,true,,922,3,3,577,0,462
1590017659876,563,People endpoint,200,OK,Scenario 1 1-4,false,"Value expected to match regexp 'Darth Vaderr', but it did not match: 'Darth Vader'",870,2,2,563,0,449
1590017660075,545,People endpoint,200,OK,Scenario 1 1-5,true,,868,1,1,545,0,434
